USE AULA_EMPRESA;

INSERT INTO DEPARTAMENTO(NUMERO, 
  NOME,
  DATA_INICIO,
  NUMERO_SEGURO_SOCIAL_SUPERVISOR
) VALUES (25,
  'Tecnologia',
  null,
  null
);

INSERT INTO EMPREGADO(NUMERO_SEGURO_SOCIAL,
  NOME,
  DATA_NASCIMENTO,
  SEXO,
  NUMERO,
  NUMERO_DEPTO,
  NUMERO_SEGURO_SOCIAL_SUPERVISOR,
  BAIRRO,
  RUA
) VALUES (8673, 
  'Adalberto Silva', 
  '1990-09-29', 
  'M', 
  '225', 
  25, 
  null, 
  'Centro', 
  'Rua Francisco Antonio Gaudo'
);

UPDATE DEPARTAMENTO SET DATA_INICIO = '2020-02-01',
  NUMERO_SEGURO_SOCIAL_SUPERVISOR = 8673
  WHERE NUMERO = 25;
  
INSERT INTO EMPREGADO(NUMERO_SEGURO_SOCIAL,
  NOME,
  DATA_NASCIMENTO,
  SEXO,
  RUA,
  NUMERO,
  BAIRRO,
  NUMERO_DEPTO,
  NUMERO_SEGURO_SOCIAL_SUPERVISOR
) VALUES (2234,
  'Andressa Rosa de Lima',
  '2000-06-20',
  'F',
  'Rua Diamante',
  '20',
  'Centro',
  25,
  null
);

DELETE FROM EMPREGADO WHERE NUMERO_SEGURO_SOCIAL = 2234;

-- Inserindo Departamentos
INSERT INTO DEPARTAMENTO(NUMERO, NOME) VALUES(258, 'Tecnologia');
INSERT INTO DEPARTAMENTO(NUMERO, NOME) VALUES(30, 'Gerencia');
INSERT INTO DEPARTAMENTO(NUMERO, NOME) VALUES(31, 'Compras');
INSERT INTO DEPARTAMENTO(NUMERO, NOME) VALUES(32, 'Estoque');

-- Inserindo Empregados
INSERT INTO EMPREGADO(NUMERO_SEGURO_SOCIAL, NOME, DATA_NASCIMENTO, SEXO, NUMERO, NUMERO_DEPTO, NUMERO_SEGURO_SOCIAL_SUPERVISOR, BAIRRO, RUA)
VALUES(12, 'José Alcantra', '1990-09-01', 'M', '23', 25, NULL, 'Centro', 'Rua Coqueiro');
INSERT INTO EMPREGADO(NUMERO_SEGURO_SOCIAL, NOME, DATA_NASCIMENTO, SEXO, NUMERO, NUMERO_DEPTO, NUMERO_SEGURO_SOCIAL_SUPERVISOR, BAIRRO, RUA)
VALUES(120, 'Reanto Dias', '1995-05-06', 'M', '222A', 25, 12, 'Centro', 'Rua Botanica');
INSERT INTO EMPREGADO(NUMERO_SEGURO_SOCIAL, NOME, DATA_NASCIMENTO, SEXO, NUMERO, NUMERO_DEPTO, NUMERO_SEGURO_SOCIAL_SUPERVISOR, BAIRRO, RUA)
VALUES(222, 'Isabela Flor', '2002-08-01', 'F', '25', 30, NULL, 'Jd Vila Real', 'Rua 15 de Novembro');
INSERT INTO EMPREGADO(NUMERO_SEGURO_SOCIAL, NOME, DATA_NASCIMENTO, SEXO, NUMERO, NUMERO_DEPTO, NUMERO_SEGURO_SOCIAL_SUPERVISOR, BAIRRO, RUA)
VALUES(227, 'Florisbela Fonseca', '1998-09-25', 'F', '2', 30, 222, 'Centro', 'Av. Antonio Carlos');
INSERT INTO EMPREGADO(NUMERO_SEGURO_SOCIAL, NOME, DATA_NASCIMENTO, SEXO, NUMERO, NUMERO_DEPTO, NUMERO_SEGURO_SOCIAL_SUPERVISOR, BAIRRO, RUA)
VALUES(745, 'Luvas Alves', '2001-08-08', 'M', '98', 32, NULL, 'Jd Nobre', 'Rua 21 de Maio');
INSERT INTO EMPREGADO(NUMERO_SEGURO_SOCIAL, NOME, DATA_NASCIMENTO, SEXO, NUMERO, NUMERO_DEPTO, NUMERO_SEGURO_SOCIAL_SUPERVISOR, BAIRRO, RUA)
VALUES(888, 'Ana Cristina Souza', '2021-06-14', 'F', '88', 31, NULL, 'Jd Morumbi', 'Av. Castilho');
INSERT INTO EMPREGADO(NUMERO_SEGURO_SOCIAL, NOME, DATA_NASCIMENTO, SEXO, NUMERO, NUMERO_DEPTO, NUMERO_SEGURO_SOCIAL_SUPERVISOR, BAIRRO, RUA)
VALUES(848, 'Roberto Carlos', '1988-08-04', 'M', '887', 31, 888, 'Centro', 'Rua 17 de Maio');
INSERT INTO EMPREGADO(NUMERO_SEGURO_SOCIAL, NOME, DATA_NASCIMENTO, SEXO, NUMERO, NUMERO_DEPTO, NUMERO_SEGURO_SOCIAL_SUPERVISOR, BAIRRO, RUA)
VALUES(985, 'Leticia Ramos', '1987-08-09', 'F', '8', 32, 745, 'Alameda Alves', 'Rua das Flores');

-- Adicionando Inicio de Cada Supervisor e Sua Data de Inicio
UPDATE DEPARTAMENTO SET DATA_INICIO = '2020-05-01 00:00:00',
                        NUMERO_SEGURO_SOCIAL_SUPERVISOR = 12
  WHERE NUMERO = 258;
UPDATE DEPARTAMENTO SET DATA_INICIO = '2019-05-01 00:00:00',
                      NUMERO_SEGURO_SOCIAL_SUPERVISOR = 222
WHERE NUMERO = 30;
UPDATE DEPARTAMENTO SET DATA_INICIO = '2020-01-01 00:00:00',
                      NUMERO_SEGURO_SOCIAL_SUPERVISOR = 888
WHERE NUMERO = 31;
UPDATE DEPARTAMENTO SET DATA_INICIO = '2020-08-01 00:00:00',
                      NUMERO_SEGURO_SOCIAL_SUPERVISOR = 745
WHERE NUMERO = 32;

-- Inserindo nas entidades especializadas
INSERT INTO ASSALARIADO(NUMERO_SEGURO_SOCIAL, SALARIO) VALUES(12, 1250.00);
INSERT INTO ASSALARIADO(NUMERO_SEGURO_SOCIAL, SALARIO) VALUES(222, 10000.00);
INSERT INTO ASSALARIADO(NUMERO_SEGURO_SOCIAL, SALARIO) VALUES(745, 1545.65);
INSERT INTO ASSALARIADO(NUMERO_SEGURO_SOCIAL, SALARIO) VALUES(888, 2879.99);
INSERT INTO HORISTA(NUMERO_SEGURO_SOCIAL, VALOR_HORA) VALUES(120, 40.25);
INSERT INTO HORISTA(NUMERO_SEGURO_SOCIAL, VALOR_HORA) VALUES(227, 80.25);
INSERT INTO HORISTA(NUMERO_SEGURO_SOCIAL, VALOR_HORA) VALUES(848, 45.50);
INSERT INTO HORISTA(NUMERO_SEGURO_SOCIAL, VALOR_HORA) VALUES(985, 58.60);

-- Inserindo Dependentes (Coluna Codigo se Auto Incrimenta, ignora ela no insert)
INSERT INTO DEPENDENTE(NUMERO_SEGURO_SOCIAL, NOME, PARENTESCO, DATA_NASCIMENTO, SEXO) 
  VALUES(120, 'Lincoln De Nobrega Dias', 'Filho', '2010-02-25', 'M');
INSERT INTO DEPENDENTE(NUMERO_SEGURO_SOCIAL, NOME, PARENTESCO, DATA_NASCIMENTO, SEXO) 
  VALUES(120, 'Rafaela Dias', 'Esposa', '1998-08-09', 'F');
INSERT INTO DEPENDENTE(NUMERO_SEGURO_SOCIAL, NOME, PARENTESCO, DATA_NASCIMENTO, SEXO) 
  VALUES(848, 'Osmar Carlos', 'Filho', '2000-09-25', 'M');
INSERT INTO DEPENDENTE(NUMERO_SEGURO_SOCIAL, NOME, PARENTESCO, DATA_NASCIMENTO, SEXO) 
  VALUES(848, 'Bruna Carla', 'Filha', '2005-05-08', 'F');
INSERT INTO DEPENDENTE(NUMERO_SEGURO_SOCIAL, NOME, PARENTESCO, DATA_NASCIMENTO, SEXO) 
  VALUES(848, 'Tatiana Carla', 'Filha', '2010-08-09', 'F');
  
-- Inserindo Localização
INSERT INTO LOCALIZACOES(NUMERO_DEPTO, LOCALIZACAO) VALUES(25, 'Bloco 1');
INSERT INTO LOCALIZACOES(NUMERO_DEPTO, LOCALIZACAO) VALUES(25, 'Bloco 2');
INSERT INTO LOCALIZACOES(NUMERO_DEPTO, LOCALIZACAO) VALUES(30, 'Bloco 1');
INSERT INTO LOCALIZACOES(NUMERO_DEPTO, LOCALIZACAO) VALUES(31, 'Bloco 2');
INSERT INTO LOCALIZACOES(NUMERO_DEPTO, LOCALIZACAO) VALUES(32, 'Bloco 3');

-- Inserindo Projetos
INSERT INTO PROJETO(NUMERO, NOME, LOCALIZACAO, NUMERO_DEPTO) 
  VALUES(1, 'Projeto A', 'Bloco 1', 25);
INSERT INTO PROJETO(NUMERO, NOME, LOCALIZACAO, NUMERO_DEPTO) 
  VALUES(2, 'Projeto B', 'Bloco 1', 25);
INSERT INTO PROJETO(NUMERO, NOME, LOCALIZACAO, NUMERO_DEPTO) 
  VALUES(3, 'Projeto C', 'Bloco 2', 30);
INSERT INTO PROJETO(NUMERO, NOME, LOCALIZACAO, NUMERO_DEPTO) 
  VALUES(4, 'Projeto D', 'Bloco 2', 31);
INSERT INTO PROJETO(NUMERO, NOME, LOCALIZACAO, NUMERO_DEPTO) 
  VALUES(5, 'Projeto E', 'Bloco 3', 32);
  
-- Inserindo Projetos nos Empregados
INSERT INTO PROJETO_EMPREGADO(NUMERO_SEGURO_SOCIAL, NUMERO_PROJETO) VALUES(12, 1);
INSERT INTO PROJETO_EMPREGADO(NUMERO_SEGURO_SOCIAL, NUMERO_PROJETO) VALUES(120, 1);
INSERT INTO PROJETO_EMPREGADO(NUMERO_SEGURO_SOCIAL, NUMERO_PROJETO) VALUES(12, 2);
INSERT INTO PROJETO_EMPREGADO(NUMERO_SEGURO_SOCIAL, NUMERO_PROJETO) VALUES(222, 3);
INSERT INTO PROJETO_EMPREGADO(NUMERO_SEGURO_SOCIAL, NUMERO_PROJETO) VALUES(227, 3);
INSERT INTO PROJETO_EMPREGADO(NUMERO_SEGURO_SOCIAL, NUMERO_PROJETO) VALUES(888, 4);
INSERT INTO PROJETO_EMPREGADO(NUMERO_SEGURO_SOCIAL, NUMERO_PROJETO) VALUES(745, 5);
INSERT INTO PROJETO_EMPREGADO(NUMERO_SEGURO_SOCIAL, NUMERO_PROJETO) VALUES(985, 5);
